date,type,amount,run_balance
2025-01-31,Payment,-1218.82,353432.69
2025-01-31,Interest,572.24,354004.93
2025-02-28,Payment,-1218.82,352786.11
2025-02-28,Interest,515.92,353302.02
2025-03-31,Payment,-1218.82,352083.20
2025-03-31,Interest,570.07,352653.27
2025-04-30,Payment,-1218.82,351434.45
2025-04-30,Interest,550.66,351985.10
2025-05-30,Payment,-1218.82,350766.28
2025-05-30,Interest,567.88,351334.16
2025-06-30,Payment,-1218.82,350115.33
2025-06-30,Interest,548.60,350663.93
2025-07-31,Payment,-1337.82,349326.11
2025-07-31,Interest,565.79,349892.90
2025-08-29,Payment,-1337.82,348554.08
2025-08-29,Interest,564.42,349118.49
2025-09-30,Payment,-1337.82,347780.67
2025-09-30,Interest,545.12,348325.79
2025-10-31,Payment,-1337.82,346987.97
2025-10-31,Interest,562.03,347550.00
2025-11-28,Payment,-1337.82,346212.17
2025-11-28,Interest,542.54,346754.71
2025-12-31,Payment,-1337.82,345416.89
2025-12-31,Interest,559.50,345976.38